{
  "_meta": {
    "description": "Pricing engine katsayilari — veriden ogrenilmis",
    "source": "flight_snapshot_v2.parquet + flight_metadata.parquet",
    "method": "Regresyon + istatistiksel oran analizi"
  },
  "base_price": {
    "economy": {
      "price_per_km": 0.081046,
      "intercept": 4.01,
      "r_squared": 0.9792,
      "n_samples": 102200,
      "formula": "base = 4.01 + distance_km x 0.081046"
    },
    "business": {
      "price_per_km": 0.33221,
      "intercept": 100.12,
      "r_squared": 0.9631,
      "n_samples": 102200,
      "formula": "base = 100.12 + distance_km x 0.332210"
    }
  },
  "season_factors": {
    "factors": {
      "1": 0.9888,
      "2": 0.9839,
      "3": 0.9826,
      "4": 0.9961,
      "5": 1.0014,
      "6": 1.0127,
      "7": 1.022,
      "8": 1.0249,
      "9": 0.9883,
      "10": 0.9821,
      "11": 1.0065,
      "12": 1.0107
    },
    "yearly_avg": 362.65
  },
  "dow_factors": {
    "0": 0.9993,
    "1": 0.9974,
    "2": 1.003,
    "3": 1.0004,
    "4": 1.0011,
    "5": 0.9987,
    "6": 1.0001
  },
  "region_factors": {
    "Europe": 0.3871,
    "Asia": 1.3587,
    "Africa": 0.7538,
    "Americas": 2.0375,
    "Middle East": 0.4629
  },
  "dtd_factors": {
    "factors": {
      "0-3": 2.1123,
      "4-7": 1.7938,
      "8-14": 1.4747,
      "15-30": 1.2103,
      "31-60": 1.0,
      "61-90": 0.8946,
      "91-120": 0.7903,
      "121+": 0.7884
    },
    "baseline_bucket": "31-60",
    "baseline_price": 360.43
  },
  "route_factors": {
    "IST_CDG": 0.9281,
    "CMN_IST": 0.8762,
    "JNB_IST": 0.868,
    "IST_JNB": 0.8683,
    "CPT_IST": 0.8663,
    "HKT_IST": 0.9596,
    "IST_SIN": 0.9574,
    "JFK_IST": 1.0494,
    "IST_MIA": 1.0496,
    "IST_ORD": 1.0492,
    "IST_LHR": 0.9256,
    "IST_DXB": 1.0148,
    "AMM_IST": 1.7792,
    "IST_ICN": 0.9601,
    "IST_PEK": 0.9585,
    "EZE_IST": 1.0477,
    "RAK_IST": 0.8775,
    "IST_LAX": 1.0473,
    "NCE_IST": 0.9338,
    "YYZ_IST": 1.0522,
    "MEX_IST": 1.0492,
    "FRA_IST": 0.94,
    "IST_AUH": 1.0145,
    "IST_NCE": 0.9317,
    "FCO_IST": 1.2853,
    "ABV_IST": 0.8728,
    "IST_BKK": 0.9592,
    "PEK_IST": 0.9598,
    "SIN_IST": 0.9594,
    "IST_BOM": 0.9614,
    "ORD_IST": 1.0499,
    "IST_YVR": 1.0485,
    "IST_JED": 1.0198,
    "IST_DOH": 1.0188,
    "IST_KWI": 1.0201,
    "IST_CAI": 1.3689,
    "IST_LOS": 0.8719,
    "IST_GIG": 1.0476,
    "IST_EZE": 1.0465,
    "IST_ABV": 0.871,
    "PVG_IST": 0.9591,
    "IST_YYZ": 1.048,
    "IST_MUC": 1.1105,
    "BCN_IST": 0.9282,
    "DXB_IST": 1.0158,
    "MAN_IST": 0.9241,
    "BAH_IST": 1.0165,
    "KWI_IST": 1.021,
    "IST_NBO": 0.8729,
    "IST_MXP": 1.1251,
    "CAI_IST": 1.3674,
    "LOS_IST": 0.8717,
    "LHR_IST": 0.926,
    "ICN_IST": 0.9605,
    "LAX_IST": 1.048,
    "IST_GRU": 1.049,
    "GIG_IST": 1.0514,
    "MXP_IST": 1.1277,
    "IST_MAD": 0.9233,
    "IST_RUH": 1.0181,
    "JED_IST": 1.0225,
    "IST_AMM": 1.7754,
    "IST_TLV": 1.776,
    "HRG_IST": 1.1991,
    "CDG_IST": 0.929,
    "IST_PVG": 0.9588,
    "IST_NRT": 0.9596,
    "BOM_IST": 0.962,
    "MUC_IST": 1.1124,
    "IST_BCN": 0.9291,
    "IST_BAH": 1.018,
    "BEY_IST": 2.1917,
    "MIA_IST": 1.0493,
    "NBO_IST": 0.8722,
    "IST_HKT": 0.9576,
    "KIX_IST": 0.9602,
    "DEL_IST": 0.964,
    "IST_DEL": 0.9641,
    "IST_FCO": 1.289,
    "MAD_IST": 0.9264,
    "IST_MAN": 0.924,
    "DOH_IST": 1.0187,
    "TLV_IST": 1.778,
    "IST_BEY": 2.1905,
    "IST_HRG": 1.1971,
    "IST_CMN": 0.8757,
    "NRT_IST": 0.9605,
    "IST_JFK": 1.0488,
    "IST_FRA": 0.9393,
    "RUH_IST": 1.0196,
    "IST_CPT": 0.8674,
    "MBA_IST": 0.871,
    "BKK_IST": 0.9593,
    "IST_KIX": 0.9572,
    "YVR_IST": 1.048,
    "GRU_IST": 1.0514,
    "IST_MEX": 1.0499,
    "AUH_IST": 1.015,
    "IST_RAK": 0.877,
    "IST_MBA": 0.8731
  },
  "lf_curve": {
    "factors": {
      "LF30-50": 1.1226,
      "LF50-70": 1.3684,
      "LF70-85": 1.6837,
      "LF85-95": 1.9531,
      "LF95+": 2.3973,
      "LF<30": 1.0
    },
    "baseline": 282.95
  },
  "cabin_ratios": {
    "business": {
      "avg_pax": 37.1,
      "avg_capacity": 49.0,
      "avg_load_factor": 0.7573
    },
    "economy": {
      "avg_pax": 248.3,
      "avg_capacity": 300.0,
      "avg_load_factor": 0.8276
    }
  }
}