{
    "LOS": 2.631897749374826,
    "KIX": 2.6249275948622235,
    "DEL": 2.625840388160731,
    "IST": 2.627354151111053,
    "EZE": 2.6291362187608036,
    "CDG": 2.6255615779252777,
    "CPT": 2.61859023579835,
    "MIA": 2.6294025684502866,
    "HKT": 2.625706065139832,
    "JFK": 2.6197825059101656,
    "MEX": 2.623428744510071,
    "KWI": 2.624921149638274,
    "NRT": 2.6302649949544517,
    "BKK": 2.6229925830377296,
    "MAN": 2.6282641384653633,
    "CAI": 2.624320712280032,
    "MAD": 2.626239537544409,
    "FRA": 2.6260952123916836,
    "NCE": 2.626059403837986,
    "LHR": 2.6266864902177534,
    "RAK": 2.6239324186732005,
    "ORD": 2.622194001595672,
    "NBO": 2.62375665640156,
    "DXB": 2.6284951821999893,
    "AMM": 2.6227975752082036,
    "SIN": 2.6295158526924705,
    "MUC": 2.6274465892234486,
    "RUH": 2.627995988141418,
    "CMN": 2.617765695431944,
    "YVR": 2.6271018419735834,
    "MBA": 2.6294436109842803,
    "AUH": 2.628202474757181,
    "GRU": 2.629173823590479,
    "FCO": 2.6271555828782893,
    "HRG": 2.6241243798658465,
    "TLV": 2.622599391154819,
    "BEY": 2.6256202573975993,
    "ICN": 2.629044756546579,
    "YYZ": 2.627250945656583,
    "MXP": 2.625296277026246,
    "PEK": 2.630842643786276,
    "BOM": 2.6235552250589844,
    "BAH": 2.6245244409641937,
    "PVG": 2.624360441863993,
    "LAX": 2.6268660953832033,
    "DOH": 2.6221702985882236,
    "BCN": 2.6247950952852057,
    "GIG": 2.625413258269888,
    "ABV": 2.6319470602733483,
    "JED": 2.6297291903305844,
    "JNB": 2.621744391696919
}