{
    "Beijing": 2.629115611853146,
    "Doha": 2.623348372443628,
    "Rio de Janeiro": 2.6240987843490555,
    "Madrid": 2.628901593655689,
    "Osaka": 2.629454565498994,
    "Nice": 2.625514854431272,
    "Paris": 2.625438893596402,
    "Milan": 2.628243273545304,
    "Tel Aviv": 2.621085598840205,
    "Manchester": 2.627868294848166,
    "Shanghai": 2.6266395930681776,
    "Singapore": 2.6300445329571542,
    "Toronto": 2.625857035301004,
    "Johannesburg": 2.626278528178854,
    "Abu Dhabi": 2.6290275140388424,
    "Chicago": 2.6261025553759323,
    "Tokyo": 2.6253271513796705,
    "Los Angeles": 2.629184949565234,
    "Bangkok": 2.6254224692681647,
    "Jeddah": 2.628262604868893,
    "Riyadh": 2.62859330152963,
    "Beirut": 2.6239968396063293,
    "Barcelona": 2.6263790819503448,
    "Dubai": 2.6303068844506057,
    "Cape Town": 2.6223853168326046,
    "Vancouver": 2.6316083770278564,
    "Abuja": 2.6325340879736188,
    "Sao Paulo": 2.6274208473792053,
    "Marrakech": 2.618684111489516,
    "Delhi": 2.628445558345399,
    "Mumbai": 2.6223497949560097,
    "Rome": 2.627982986398281,
    "Munich": 2.62730951538393,
    "Cairo": 2.6282619708229347,
    "Miami": 2.6322006594797855,
    "Mombasa": 2.6248245097331617,
    "Frankfurt": 2.6267564293420285,
    "Seoul": 2.6287374995984267,
    "Phuket": 2.6235486478542036,
    "Nairobi": 2.6263785291042177,
    "Amman": 2.62366267241655,
    "Mexico City": 2.6257465867788308,
    "Kuwait City": 2.6254698565629764,
    "Bahrain": 2.626724200655335,
    "Buenos Aires": 2.628254380794804,
    "Hurghada": 2.623839998141674,
    "Casablanca": 2.6254126218673886,
    "New York": 2.621609041139263,
    "London": 2.6275567161192166,
    "Lagos": 2.630435388495859
}