{
    "BCN": 2.627959189063937,
    "YVR": 2.636149575922482,
    "FRA": 2.6274182539127415,
    "ICN": 2.628429683731827,
    "LOS": 2.6289640197933073,
    "EZE": 2.6273732230403755,
    "GRU": 2.62566604942937,
    "NCE": 2.6249720354578367,
    "BEY": 2.622370161948008,
    "MBA": 2.6202106321290786,
    "JED": 2.626800791783527,
    "ABV": 2.6331221466505172,
    "RAK": 2.6134427249469523,
    "MAN": 2.627472869263727,
    "LHR": 2.628425185470662,
    "JNB": 2.6308194276125665,
    "AMM": 2.6245255252082775,
    "RUH": 2.6291922403805863,
    "MXP": 2.6311960881800673,
    "GIG": 2.622780805894805,
    "YYZ": 2.624460853092211,
    "HRG": 2.623555541099996,
    "BOM": 2.6211460004584004,
    "PVG": 2.6289208626472984,
    "MEX": 2.6280553054480484,
    "DOH": 2.6245262927504656,
    "KIX": 2.6339743883967506,
    "CAI": 2.632187800047312,
    "FCO": 2.6288106612903617,
    "LAX": 2.631505428786537,
    "NBO": 2.6289874691131954,
    "MIA": 2.634999834625616,
    "PEK": 2.6273814185998297,
    "NRT": 2.6204067202042327,
    "AUH": 2.6298508270040744,
    "JFK": 2.6234336697824023,
    "MAD": 2.631557195855679,
    "BAH": 2.628931128360451,
    "MUC": 2.6271725266527084,
    "CPT": 2.626178526742731,
    "SIN": 2.630574218317398,
    "KWI": 2.626017459731956,
    "DEL": 2.6310460059510183,
    "ORD": 2.630021061599262,
    "IST": 2.6259382243587495,
    "DXB": 2.6321160346628973,
    "CMN": 2.6330776074491227,
    "BKK": 2.6278466933545364,
    "HKT": 2.6214011758182845,
    "CDG": 2.625316687157599,
    "TLV": 2.6195640918168595
}